{"cameraMode":{"drawMode":0,"name":"Shaded","section":"Shading Mode"},"sceneLighting":true,"audioPlay":false,"sceneViewState":{"m_AlwaysRefresh":false,"showFog":true,"showSkybox":true,"showFlares":true,"showImageEffects":true,"showParticleSystems":true,"showVisualEffectGraphs":true,"m_FxEnabled":true},"in2DMode":false,"pivot":{"x":0.4632232189178467,"y":8.874610900878907,"z":3.600048065185547},"rotation":{"x":0.02953440137207508,"y":0.10088055580854416,"z":0.0029960155952721836,"w":-0.9944558143615723},"size":8.656519889831543,"orthographic":false}